<?xml version="1.0" encoding="UTF-8" standalone="yes"?>
<config xmlns="http://bayan.ir">
	<fields>
		<field name="parse_title" multi="false" />
		<field name="oldprice" multi="false" />
		<field name="currentprice" multi="false" />
		<field name="thumbnailimages" multi="true" />
		<field name="mainimages" multi="true" />
		<field name="category" multi="true" />
		<field name="description" multi="false" />
		<field name="attributekeys" multi="true" />
		<field name="attributes" multi="true" />
	</fields>
	<documents>
		<document url="^https://salamathbooks.com" engine="css">
			<extract-to field="parse_title">
				<text>
					<expr value="#title-page" />
				</text>
			</extract-to>
			<extract-to field="oldprice">
				<text>
					<expr value="#price-old" />
				</text>
			</extract-to>
			<extract-to field="currentprice">
				<text>
					<expr value="#price-special" />
				</text>
			</extract-to>
			<extract-to field="thumbnailimages">
				<resolve>
					<attribute name="src">
						<expr
							value="#quickview_product &gt; div.col-sm-7.popup-gallery &gt; div &gt; div.col-sm-2 &gt; div &gt; ul img" />
					</attribute>
				</resolve>
			</extract-to>
			<extract-to field="mainimages">
				<resolve>
					<replace pattern="[0-9]{2,3}[x][0-9]{2,3}"
						substitution="500x500">
						<attribute name="src">
							<expr
								value="#quickview_product &gt; div.col-sm-7.popup-gallery &gt; div &gt; div.col-sm-2 &gt; div &gt; ul img" />
						</attribute>
					</replace>
				</resolve>
			</extract-to>
			<extract-to field="category">
				<text>
					<expr value=".zfilter_name &gt; div" />
				</text>
			</extract-to>
			<extract-to field="description">
				<text>
					<expr value="#tab-description" />
				</text>
			</extract-to>
		</document>
		<document url="^https://www.amazon.in" engine="css">
			<extract-to field="parse_title">
				<text>
					<expr value="#productTitle" />
				</text>
			</extract-to>
			<extract-to field="oldprice">
				<text>
					<expr value=".priceBlockBuyingPriceString" />
				</text>
			</extract-to>
			<extract-to field="currentprice">
				<text>
					<expr value=".priceBlockStrikePriceString" />
				</text>
			</extract-to>
			<extract-to field="thumbnailimages">
				<resolve>
					<attribute name="src">
						<expr value="#altImages img" />
					</attribute>
				</resolve>
			</extract-to>
			<extract-to field="mainimages">
				<resolve>
					<attribute name="data-old-hires">
						<expr value="#imgTagWrapperId img" />
					</attribute>
				</resolve>
			</extract-to>
			<extract-to field="category">
				<text>
					<expr value="#wayfinding-breadcrumbs_feature_div &gt; ul a" />
				</text>
			</extract-to>
			<extract-to field="description">
				<text>
					<expr value="#featurebullets_feature_div span" />
				</text>
			</extract-to>
			<extract-to field="attributekeys">
				<text>
					<expr
						value="#detailBullets_feature_div &gt; ul span.a-text-bold" />
				</text>
			</extract-to>
			<extract-to field="attributes">
				<text>
					<expr
						value="#detailBullets_feature_div &gt; ul span.a-list-item:nth-child(1)" />
				</text>
			</extract-to>
		</document>
		<document url="^https://www.flipkart.com" engine="css">
			<extract-to field="parse_title">
				<text>
					<expr value="span.B_NuCI" />
				</text>
			</extract-to>
			<extract-to field="oldprice">
				<text>
					<expr value="._3I9_wc._2p6lqe" />
				</text>
			</extract-to>
			<extract-to field="currentprice">
				<text>
					<expr value="._30jeq3._16Jk6d" />
				</text>
			</extract-to>
			<extract-to field="thumbnailimages">
				<resolve>
					<attribute name="style">
						<expr value=".q6DClP._2_B7hD" />
					</attribute>
				</resolve>
			</extract-to>
			<extract-to field="mainimages">
				<resolve>
					<replace pattern="[0-9]{2,3}[/][0-9]{2,3}"
						substitution="300/600">
						<attribute name="style">
							<expr value=".q6DClP._2_B7hD" />
						</attribute>
					</replace>
				</resolve>
			</extract-to>
			<extract-to field="category">
				<text>
					<expr value="div._3GIHBu" />
				</text>
			</extract-to>
			<extract-to field="description">
				<text>
					<expr value="._1AN87F" />
				</text>
			</extract-to>
			<extract-to field="attributekeys">
				<text>
					<expr value=".X3BRps._13swYk &gt; .row &gt; div:nth-child(1)" />
				</text>
			</extract-to>
			<extract-to field="attributes">
				<text>
					<expr value=".X3BRps._13swYk &gt; div" />
				</text>
			</extract-to>
		</document>
		<document url="^https://www.myntra.com" engine="css">
			<extract-to field="parse_title">
				<text>
					<expr value=".pdp-name" />
				</text>
			</extract-to>
			<extract-to field="oldprice">
				<text>
					<expr value=".pdp-mrp" />
				</text>
			</extract-to>
			<extract-to field="currentprice">
				<text>
					<expr value=".pdp-price" />
				</text>
			</extract-to>
			<extract-to field="thumbnailimages">
				<resolve>
					<attribute name="style">
						<expr value=".image-grid-image" />
					</attribute>
				</resolve>
			</extract-to>
			<extract-to field="mainimages">
				<resolve>
					<replace pattern="[0-9]{2,3}[,q_90,][0-9]{2,3}"
						substitution="300,q_90,600">
						<attribute name="style">
							<expr value=".image-grid-image" />
						</attribute>
					</replace>
				</resolve>
			</extract-to>
			<extract-to field="category">
				<text>
					<expr
						value="#mountRoot &gt; div &gt; div &gt; div &gt; main &gt; div.breadcrumbs-container a" />
				</text>
			</extract-to>
			<extract-to field="description">
				<text>
					<expr
						value="#mountRoot &gt; div &gt; div &gt; div &gt; main &gt; div.pdp-details.common-clearfix &gt; div.pdp-description-container &gt; div.pdp-productDescriptors &gt; div &gt; div:nth-child(1) &gt; p" />
				</text>
			</extract-to>
			<extract-to field="attributekeys">
				<text>
					<expr
						value="#mountRoot &gt; div &gt; div &gt; div &gt; main &gt; div.pdp-details.common-clearfix &gt; div.pdp-description-container &gt; div.pdp-productDescriptors &gt; div &gt; div.index-sizeFitDesc &gt; div.index-tableContainer &gt; div &gt; div.index-rowKey" />
				</text>
			</extract-to>
			<extract-to field="attributes">
				<text>
					<expr
						value="#mountRoot &gt; div &gt; div &gt; div &gt; main &gt; div.pdp-details.common-clearfix &gt; div.pdp-description-container &gt; div.pdp-productDescriptors &gt; div &gt; div.index-sizeFitDesc &gt; div.index-tableContainer &gt; div" />
				</text>
			</extract-to>
		</document>
	</documents>
</config>